Closer_vector,distance,max_difference_dimension
366,3.0759730180261076,76
105,3.6782226302449637,61
200,3.3163103206848765,987
200,6.309829289598042,960
200,4.043519959544498,967
196,3.6505808374934183,37
294,1.1080768273348078,61
61,5.2537995994640685,76
287,3.405725351472284,990
200,4.703779276041555,960
